2026-05-06 15:51:39,Nagabandha
2026-05-06 15:51:40,Mushti
2026-05-06 15:51:54,Ardhachandran
2026-05-06 15:51:59,Alapadmam
2026-05-06 15:52:20,Ardhachandran
2026-05-06 15:52:23,Mushti
2026-05-06 15:52:29,Nagabandha
2026-05-06 15:52:39,Mayura
2026-05-06 15:52:47,Alapadmam
2026-05-06 15:52:48,Mayura
2026-05-06 15:52:52,Mushti
2026-05-07 11:37:36,Sikharam
2026-05-07 11:37:39,Mushti
2026-05-07 11:37:41,Ardhachandran
2026-05-07 11:37:42,Mushti
2026-05-07 11:37:44,Sikharam
2026-05-07 11:37:53,Mushti
2026-05-07 11:37:58,Sikharam
2026-05-07 11:38:01,Ardhachandran
2026-05-07 11:38:01,Sikharam
2026-05-07 11:38:03,Ardhachandran
2026-05-07 11:38:11,Sikharam
2026-05-07 11:38:14,Mushti
2026-05-07 11:38:15,Alapadmam
2026-05-07 11:38:34,Mushti
2026-05-07 11:38:48,Ardhachandran
2026-05-07 11:38:52,Mushti
2026-05-19 14:11:39,Mushti
2026-05-19 14:11:42,Sikharam
2026-05-19 14:11:45,Ardhachandran
2026-05-19 14:11:48,Sikharam
2026-05-19 14:11:48,Ardhachandran
2026-05-19 14:11:49,Alapadmam
2026-05-19 14:11:59,Sikharam
2026-05-19 14:12:08,Pathaka
2026-05-19 14:12:10,Trishulam
2026-05-19 14:12:15,Mushti
2026-05-19 14:12:15,Anjali
2026-05-19 14:12:24,Mushti
2026-05-19 14:12:25,Mayura
2026-05-19 14:12:28,Nagabandha
2026-05-19 14:12:30,Mayura
2026-05-19 14:12:36,Anjali
2026-05-19 14:12:40,Pathaka
2026-05-19 14:12:41,Mushti
2026-05-19 14:12:53,Sikharam
2026-05-19 14:12:57,Nagabandha
2026-05-19 14:12:58,Mushti
2026-05-19 14:13:00,Nagabandha
2026-05-19 14:13:01,Mushti
2026-05-19 14:13:05,Nagabandha
2026-05-19 14:13:06,Mushti
2026-05-19 14:13:08,Sikharam
2026-05-19 14:13:08,Mushti
2026-05-19 14:13:12,Pathaka
2026-05-19 14:13:20,Anjali
2026-05-19 14:13:20,Mushti
2026-05-19 14:13:21,Sikharam
2026-05-19 14:13:25,Alapadmam
2026-05-19 14:13:25,Mayura
2026-05-19 14:13:29,Trishulam
2026-05-19 14:13:30,Nagabandha
2026-05-19 14:13:34,Alapadmam
2026-05-19 14:13:38,Nagabandha
2026-05-19 14:13:43,Anjali
2026-05-19 14:13:44,Alapadmam
2026-05-19 14:13:48,Ardhachandran
2026-05-19 14:13:49,Nagabandha
2026-05-19 14:13:49,Alapadmam
2026-05-19 14:13:54,Nagabandha
